Character	Name	Normalised Character	Normalised Name	Map to
¬∑	MIDDLE DOT	¬∑	MIDDLE DOT	*
Œá	GREEK ANO TELEIA	¬∑	MIDDLE DOT	*
’ö	ARMENIAN APOSTROPHE	’ö	ARMENIAN APOSTROPHE	'
’ú	ARMENIAN EXCLAMATION MARK	’ú	ARMENIAN EXCLAMATION MARK	!
’ù	ARMENIAN COMMA	’ù	ARMENIAN COMMA	,
’û	ARMENIAN QUESTION MARK	’û	ARMENIAN QUESTION MARK	?
ÿå	ARABIC COMMA	ÿå	ARABIC COMMA	,
ÿç	ARABIC DATE SEPARATOR	ÿç	ARABIC DATE SEPARATOR	,
ÿõ	ARABIC SEMICOLON	ÿõ	ARABIC SEMICOLON	;
ÿü	ARABIC QUESTION MARK	ÿü	ARABIC QUESTION MARK	?
Ÿ™	ARABIC PERCENT SIGN	Ÿ™	ARABIC PERCENT SIGN	%
Ÿ≠	ARABIC FIVE POINTED STAR	Ÿ≠	ARABIC FIVE POINTED STAR	*
‹Ñ	SYRIAC SUBLINEAR COLON	‹Ñ	SYRIAC SUBLINEAR COLON	:
‹Ö	SYRIAC HORIZONTAL COLON	‹Ö	SYRIAC HORIZONTAL COLON	:
‹Ü	SYRIAC COLON SKEWED LEFT	‹Ü	SYRIAC COLON SKEWED LEFT	:
‹á	SYRIAC COLON SKEWED RIGHT	‹á	SYRIAC COLON SKEWED RIGHT	:
‹à	SYRIAC SUPRALINEAR COLON SKEWED LEFT	‹à	SYRIAC SUPRALINEAR COLON SKEWED LEFT	:
‹â	SYRIAC SUBLINEAR COLON SKEWED RIGHT	‹â	SYRIAC SUBLINEAR COLON SKEWED RIGHT	:
ﬂ∏	NKO COMMA	ﬂ∏	NKO COMMA	,
ﬂπ	NKO EXCLAMATION MARK	ﬂπ	NKO EXCLAMATION MARK	!
·ç£	ETHIOPIC COMMA	·ç£	ETHIOPIC COMMA	,
·ç§	ETHIOPIC SEMICOLON	·ç§	ETHIOPIC SEMICOLON	;
·ç•	ETHIOPIC COLON	·ç•	ETHIOPIC COLON	:
·ç¶	ETHIOPIC PREFACE COLON	·ç¶	ETHIOPIC PREFACE COLON	:
·çß	ETHIOPIC QUESTION MARK	·çß	ETHIOPIC QUESTION MARK	?
·õ´	RUNIC SINGLE PUNCTUATION	·õ´	RUNIC SINGLE PUNCTUATION	*
·õ¨	RUNIC MULTIPLE PUNCTUATION	·õ¨	RUNIC MULTIPLE PUNCTUATION	:
·õ≠	RUNIC CROSS PUNCTUATION	·õ≠	RUNIC CROSS PUNCTUATION	+
·†Ç	MONGOLIAN COMMA	·†Ç	MONGOLIAN COMMA	,
·†Ñ	MONGOLIAN COLON	·†Ñ	MONGOLIAN COLON	:
·†à	MONGOLIAN MANCHU COMMA	·†à	MONGOLIAN MANCHU COMMA	,
·†ä	MONGOLIAN NIRUGU	·†ä	MONGOLIAN NIRUGU	-
·•Ñ	LIMBU EXCLAMATION MARK	·•Ñ	LIMBU EXCLAMATION MARK	!
·•Ö	LIMBU QUESTION MARK	·•Ö	LIMBU QUESTION MARK	?
·∞Ω	LEPCHA PUNCTUATION CER-WA	·∞Ω	LEPCHA PUNCTUATION CER-WA	*
‚Ä¢	BULLET	‚Ä¢	BULLET	*
‚Äß	HYPHENATION POINT	‚Äß	HYPHENATION POINT	*
‚Ä≤	PRIME	‚Ä≤	PRIME	'
‚Äµ	REVERSED PRIME	‚Äµ	REVERSED PRIME	'
‚ÅÉ	HYPHEN BULLET	‚ÅÉ	HYPHEN BULLET	-
‚Åé	LOW ASTERISK	‚Åé	LOW ASTERISK	*
‚Åè	REVERSED SEMICOLON	‚Åè	REVERSED SEMICOLON	;
‚∏±	WORD SEPARATOR MIDDLE DOT	‚∏±	WORD SEPARATOR MIDDLE DOT	*
‚∏≤	TURNED COMMA	‚∏≤	TURNED COMMA	,
‚∏≥	RAISED DOT	‚∏≥	RAISED DOT	*
‚∏¥	RAISED COMMA	‚∏¥	RAISED COMMA	,
‚∏µ	TURNED SEMICOLON	‚∏µ	TURNED SEMICOLON	;
Íòç	VAI COMMA	Íòç	VAI COMMA	,
Íòè	VAI QUESTION MARK	Íòè	VAI QUESTION MARK	?
Íõ¥	BAMUM COLON	Íõ¥	BAMUM COLON	:
Íõµ	BAMUM COMMA	Íõµ	BAMUM COMMA	,
Íõ∂	BAMUM SEMICOLON	Íõ∂	BAMUM SEMICOLON	;
Íõ∑	BAMUM QUESTION MARK	Íõ∑	BAMUM QUESTION MARK	?
Ô∏ë	PRESENTATION FORM FOR VERTICAL IDEOGRAPHIC COMMA	„ÄÅ	IDEOGRAPHIC COMMA	,
ÔΩ•	HALFWIDTH KATAKANA MIDDLE DOT	„Éª	KATAKANA MIDDLE DOT	*
ê§ü	PHOENICIAN WORD SEPARATOR	ê§ü	PHOENICIAN WORD SEPARATOR	*
