~	TILDE	~	TILDE	1	~
¬¨	NOT SIGN	¬¨	NOT SIGN	1	not
√ó	MULTIPLICATION SIGN	√ó	MULTIPLICATION SIGN	1	*
√∑	DIVISION SIGN	√∑	DIVISION SIGN	1	/
‚àà	ELEMENT OF	‚àà	ELEMENT OF	1	in
‚àì	MINUS-OR-PLUS SIGN	‚àì	MINUS-OR-PLUS SIGN	1	pm
‚àû	INFINITY	‚àû	INFINITY	1	infinity
‚àß	LOGICAL AND	‚àß	LOGICAL AND	1	and
‚à®	LOGICAL OR	‚à®	LOGICAL OR	1	and
¬±	PLUS-MINUS SIGN	¬±	PLUS-MINUS SIGN	1	pm
ÿÜ	ARABIC-INDIC CUBE ROOT	ÿÜ	ARABIC-INDIC CUBE ROOT	1	cube_root
ÿá	ARABIC-INDIC FOURTH ROOT	ÿá	ARABIC-INDIC FOURTH ROOT	1	fourth_root
‚ÅÑ	FRACTION SLASH	‚ÅÑ	FRACTION SLASH	1	/
‚Åí	COMMERCIAL MINUS SIGN	‚Åí	COMMERCIAL MINUS SIGN	1	-
‚Çã	SUBSCRIPT MINUS	‚àí	MINUS SIGN	1	-
‚Ñò	SCRIPT CAPITAL P	‚Ñò	SCRIPT CAPITAL P	1	P	SCRIPT
‚ÖÄ	DOUBLE-STRUCK N-ARY SUMMATION	‚àë	N-ARY SUMMATION	1	sum	DOUBLE-STRUCK
‚àÄ	FOR ALL	‚àÄ	FOR ALL	1	forall
‚àÅ	COMPLEMENT	‚àÅ	COMPLEMENT	1	complement
‚àÇ	PARTIAL DIFFERENTIAL	‚àÇ	PARTIAL DIFFERENTIAL	1	pdiff
‚àÉ	THERE EXISTS	‚àÉ	THERE EXISTS	1	exists
‚àÑ	THERE DOES NOT EXIST	‚àÑ	THERE DOES NOT EXIST	1	not exists
‚àÖ	EMPTY SET	‚àÖ	EMPTY SET	1	emptyset
‚àÜ	INCREMENT	‚àÜ	INCREMENT	1	increment
‚àá	NABLA	‚àá	NABLA	1	nabla
‚àâ	NOT AN ELEMENT OF	‚àâ	NOT AN ELEMENT OF	1	not in
‚àä	SMALL ELEMENT OF	‚àä	SMALL ELEMENT OF	1	in
‚àã	CONTAINS AS MEMBER	‚àã	CONTAINS AS MEMBER	1	contains
‚àå	DOES NOT CONTAIN AS MEMBER	‚àå	DOES NOT CONTAIN AS MEMBER	1	not contains
‚àç	SMALL CONTAINS AS MEMBER	‚àç	SMALL CONTAINS AS MEMBER	1	contains
‚àè	N-ARY PRODUCT	‚àè	N-ARY PRODUCT	1	product
‚àê	N-ARY COPRODUCT	‚àê	N-ARY COPRODUCT	1	coproduct
‚àë	N-ARY SUMMATION	‚àë	N-ARY SUMMATION	1	sum
‚àí	MINUS SIGN	‚àí	MINUS SIGN	1	-
‚àî	DOT PLUS	‚àî	DOT PLUS	1	+	DOT
‚àï	DIVISION SLASH	‚àï	DIVISION SLASH	1	/
‚àñ	SET MINUS	‚àñ	SET MINUS	1	setminus
‚àó	ASTERISK OPERATOR	‚àó	ASTERISK OPERATOR	1	*
‚àò	RING OPERATOR	‚àò	RING OPERATOR	1	circ
‚àô	BULLET OPERATOR	‚àô	BULLET OPERATOR	1	cdot
‚àö	SQUARE ROOT	‚àö	SQUARE ROOT	1	root
‚àõ	CUBE ROOT	‚àõ	CUBE ROOT	1	cube_root
‚àú	FOURTH ROOT	‚àú	FOURTH ROOT	1	fourth_root
‚àù	PROPORTIONAL TO	‚àù	PROPORTIONAL TO	1	propto
‚àü	RIGHT ANGLE	‚àü	RIGHT ANGLE	1	right_angle
‚à†	ANGLE	‚à†	ANGLE	1	angle
‚à£	DIVIDES	‚à£	DIVIDES	1	divides
‚à§	DOES NOT DIVIDE	‚à§	DOES NOT DIVIDE	1	not divides
‚à•	PARALLEL TO	‚à•	PARALLEL TO	1	parallel
‚à¶	NOT PARALLEL TO	‚à¶	NOT PARALLEL TO	1	not parallel
‚à©	INTERSECTION	‚à©	INTERSECTION	1	intersection
‚à™	UNION	‚à™	UNION	1	union
‚à´	INTEGRAL	‚à´	INTEGRAL	1	integral
‚àÆ	CONTOUR INTEGRAL	‚àÆ	CONTOUR INTEGRAL	1	contour_integral
‚àØ	SURFACE INTEGRAL	‚àÆ‚àÆ	CONTOUR INTEGRAL	2	surface_integral
‚à∞	VOLUME INTEGRAL	‚àÆ‚àÆ‚àÆ	CONTOUR INTEGRAL	3	volume_integral
‚à±	CLOCKWISE INTEGRAL	‚à±	CLOCKWISE INTEGRAL	1	clockwise_integral
‚à≤	CLOCKWISE CONTOUR INTEGRAL	‚à≤	CLOCKWISE CONTOUR INTEGRAL	1	clockwise_contour_integral
‚à≥	ANTICLOCKWISE CONTOUR INTEGRAL	‚à≥	ANTICLOCKWISE CONTOUR INTEGRAL	1	anticlockwise_contour_integral
‚à¥	THEREFORE	‚à¥	THEREFORE	1	therefore
‚àµ	BECAUSE	‚àµ	BECAUSE	1	because
‚à∂	RATIO	‚à∂	RATIO	1	:
‚à∑	PROPORTION	‚à∑	PROPORTION	1	::
‚à∏	DOT MINUS	‚à∏	DOT MINUS	1	-	DOT
‚àº	TILDE OPERATOR	‚àº	TILDE OPERATOR	1	~
‚àΩ	REVERSED TILDE	‚àΩ	REVERSED TILDE	1	~
‚âÄ	WREATH PRODUCT	‚âÄ	WREATH PRODUCT	1	wreath
‚âÅ	NOT TILDE	‚âÅ	NOT TILDE	1	not ~
‚âÇ	MINUS TILDE	‚âÇ	MINUS TILDE	1	- ~
‚âÖ	APPROXIMATELY EQUAL TO	‚âÖ	APPROXIMATELY EQUAL TO	1	approx
‚â°	IDENTICAL TO	‚â°	IDENTICAL TO	1	identical
‚â¢	NOT IDENTICAL TO	‚â¢	NOT IDENTICAL TO	1	not identical
‚â∫	PRECEDES	‚â∫	PRECEDES	1	prec
‚âª	SUCCEEDS	‚âª	SUCCEEDS	1	succ
‚âº	PRECEDES OR EQUAL TO	‚âº	PRECEDES OR EQUAL TO	1	prec =
‚âΩ	SUCCEEDS OR EQUAL TO	‚âΩ	SUCCEEDS OR EQUAL TO	1	succ =
‚äÄ	DOES NOT PRECEDE	‚äÄ	DOES NOT PRECEDE	1	not prec
‚äÅ	DOES NOT SUCCEED	‚äÅ	DOES NOT SUCCEED	1	not succ
‚äÇ	SUBSET OF	‚äÇ	SUBSET OF	1	subset
‚äÉ	SUPERSET OF	‚äÉ	SUPERSET OF	1	superset
‚äÑ	NOT A SUBSET OF	‚äÑ	NOT A SUBSET OF	1	not subset
‚äÖ	NOT A SUPERSET OF	‚äÖ	NOT A SUPERSET OF	1	not superset
‚äÜ	SUBSET OF OR EQUAL TO	‚äÜ	SUBSET OF OR EQUAL TO	1	subset_eq
‚äá	SUPERSET OF OR EQUAL TO	‚äá	SUPERSET OF OR EQUAL TO	1	superset_eq
‚äà	NEITHER A SUBSET OF NOR EQUAL TO	‚äà	NEITHER A SUBSET OF NOR EQUAL TO	1	not subset_eq
‚äâ	NEITHER A SUPERSET OF NOR EQUAL TO	‚äâ	NEITHER A SUPERSET OF NOR EQUAL TO	1	not superset_eq
‚ää	SUBSET OF WITH NOT EQUAL TO	‚ää	SUBSET OF WITH NOT EQUAL TO	1	subset_neq
‚äã	SUPERSET OF WITH NOT EQUAL TO	‚äã	SUPERSET OF WITH NOT EQUAL TO	1	superset_neq
‚äì	SQUARE CAP	‚äì	SQUARE CAP	1	cap	SQUARE
‚äî	SQUARE CUP	‚äî	SQUARE CUP	1	cup	SQUARE
‚äï	CIRCLED PLUS	‚äï	CIRCLED PLUS	1	+	CIRCLE
‚äñ	CIRCLED MINUS	‚äñ	CIRCLED MINUS	1	-	CIRCLE
‚äó	CIRCLED TIMES	‚äó	CIRCLED TIMES	1	*	CIRCLE
‚äò	CIRCLED DIVISION SLASH	‚äò	CIRCLED DIVISION SLASH	1	/	CIRCLE
‚äô	CIRCLED DOT OPERATOR	‚äô	CIRCLED DOT OPERATOR	1	cdot	CIRCLE
‚äö	CIRCLED RING OPERATOR	‚äö	CIRCLED RING OPERATOR	1	circ	CIRCLE
‚äõ	CIRCLED ASTERISK OPERATOR	‚äõ	CIRCLED ASTERISK OPERATOR	1	*	CIRCLE
‚äú	CIRCLED EQUALS	‚äú	CIRCLED EQUALS	1	=	CIRCLE
‚äù	CIRCLED DASH	‚äù	CIRCLED DASH	1	-	CIRCLE
‚äû	SQUARED PLUS	‚äû	SQUARED PLUS	1	+	SQUARE
‚äü	SQUARED MINUS	‚äü	SQUARED MINUS	1	-	SQUARE
‚ä†	SQUARED TIMES	‚ä†	SQUARED TIMES	1	*	SQUARE
‚ä°	SQUARED DOT OPERATOR	‚ä°	SQUARED DOT OPERATOR	1	cdot	SQUARE
‚ä∞	PRECEDES UNDER RELATION	‚ä∞	PRECEDES UNDER RELATION	1	prec	RELATION
‚ä±	SUCCEEDS UNDER RELATION	‚ä±	SUCCEEDS UNDER RELATION	1	prec	RELATION
‚ä≤	NORMAL SUBGROUP OF	‚ä≤	NORMAL SUBGROUP OF	1	normal_subgroup
‚ä≥	CONTAINS AS NORMAL SUBGROUP	‚ä≥	CONTAINS AS NORMAL SUBGROUP	1	contains_normal_subgroup
‚ä¥	NORMAL SUBGROUP OF OR EQUAL TO	‚ä¥	NORMAL SUBGROUP OF OR EQUAL TO	1	normal_subgroup_eq
‚äµ	CONTAINS AS NORMAL SUBGROUP OR EQUAL TO	‚äµ	CONTAINS AS NORMAL SUBGROUP OR EQUAL TO	1	contains_normal_subgroup_eq
‚äª	XOR	‚äª	XOR	1	xor
‚äº	NAND	‚äº	NAND	1	nand
‚äΩ	NOR	‚äΩ	NOR	1	nor
‚äæ	RIGHT ANGLE WITH ARC	‚äæ	RIGHT ANGLE WITH ARC	1	right_angle
‚äø	RIGHT TRIANGLE	‚äø	RIGHT TRIANGLE	1	right_triangle
‚ãÄ	N-ARY LOGICAL AND	‚ãÄ	N-ARY LOGICAL AND	1	and
‚ãÅ	N-ARY LOGICAL OR	‚ãÅ	N-ARY LOGICAL OR	1	or
‚ãÇ	N-ARY INTERSECTION	‚ãÇ	N-ARY INTERSECTION	1	intersection
‚ãÉ	N-ARY UNION	‚ãÉ	N-ARY UNION	1	union
‚ãÑ	DIAMOND OPERATOR	‚ãÑ	DIAMOND OPERATOR	1	diamond
‚ãÖ	DOT OPERATOR	‚ãÖ	DOT OPERATOR	1	cdot
‚ãÜ	STAR OPERATOR	‚ãÜ	STAR OPERATOR	1	star
‚ãá	DIVISION TIMES	‚ãá	DIVISION TIMES	1	divide_times
‚ãà	BOWTIE	‚ãà	BOWTIE	1	bowtie
‚ãé	CURLY LOGICAL OR	‚ãé	CURLY LOGICAL OR	1	or	CURLY
‚ãè	CURLY LOGICAL AND	‚ãè	CURLY LOGICAL AND	1	and	CURLY
‚ãê	DOUBLE SUBSET	‚ãê	DOUBLE SUBSET	1	subset	DOUBLE
‚ãë	DOUBLE SUPERSET	‚ãë	DOUBLE SUPERSET	1	superset	DOUBLE
‚ãí	DOUBLE INTERSECTION	‚ãí	DOUBLE INTERSECTION	1	intersection	DOUBLE
‚ãì	DOUBLE UNION	‚ãì	DOUBLE UNION	1	union	DOUBLE
‚ãñ	LESS-THAN WITH DOT	‚ãñ	LESS-THAN WITH DOT	1	<	DOT
‚ãó	GREATER-THAN WITH DOT	‚ãó	GREATER-THAN WITH DOT	1	>	DOT
‚ãú	EQUAL TO OR LESS-THAN	‚ãú	EQUAL TO OR LESS-THAN	1	<=
‚ãù	EQUAL TO OR GREATER-THAN	‚ãù	EQUAL TO OR GREATER-THAN	1	>=
‚ãû	EQUAL TO OR PRECEDES	‚ãû	EQUAL TO OR PRECEDES	1	prec_eq
‚ãü	EQUAL TO OR SUCCEEDS	‚ãü	EQUAL TO OR SUCCEEDS	1	succ_eq
‚ã†	DOES NOT PRECEDE OR EQUAL	‚ã†	DOES NOT PRECEDE OR EQUAL	1	not prec_eq
‚ã°	DOES NOT SUCCEED OR EQUAL	‚ã°	DOES NOT SUCCEED OR EQUAL	1	not succ_eq
‚ã™	NOT NORMAL SUBGROUP OF	‚ã™	NOT NORMAL SUBGROUP OF	1	not normal_subgroup
‚ã´	DOES NOT CONTAIN AS NORMAL SUBGROUP	‚ã´	DOES NOT CONTAIN AS NORMAL SUBGROUP	1	not contains_normal_subgroup
‚ã¨	NOT NORMAL SUBGROUP OF OR EQUAL TO	‚ã¨	NOT NORMAL SUBGROUP OF OR EQUAL TO	1	not normal_subgroup_eq
‚ã≠	DOES NOT CONTAIN AS NORMAL SUBGROUP OR EQUAL	‚ã≠	DOES NOT CONTAIN AS NORMAL SUBGROUP OR EQUAL	1	not contains_normal_subgroup_eq
‚üÄ	THREE DIMENSIONAL ANGLE	‚üÄ	THREE DIMENSIONAL ANGLE	1	angle	THREE-DIMENSIONAL
‚üÇ	PERPENDICULAR	‚üÇ	PERPENDICULAR	1	perpendicular
‚üÉ	OPEN SUBSET	‚üÉ	OPEN SUBSET	1	subset	OPEN
‚üÑ	OPEN SUPERSET	‚üÑ	OPEN SUPERSET	1	superset	OPEN
‚üá	OR WITH DOT INSIDE	‚üá	OR WITH DOT INSIDE	1	or	DOT
‚üå	LONG DIVISION	‚üå	LONG DIVISION	1	/
‚üé	SQUARED LOGICAL AND	‚üé	SQUARED LOGICAL AND	1	and	SQUARE
‚üè	SQUARED LOGICAL OR	‚üè	SQUARED LOGICAL OR	1	or	SQUARE
‚üë	AND WITH DOT	‚üë	AND WITH DOT	1	and	DOT
‚üí	ELEMENT OF OPENING UPWARDS	‚üí	ELEMENT OF OPENING UPWARDS	1	in	UPWARDS
‚ü¶	MATHEMATICAL LEFT WHITE SQUARE BRACKET	‚ü¶	MATHEMATICAL LEFT WHITE SQUARE BRACKET	1	[	WHITE
‚üß	MATHEMATICAL RIGHT WHITE SQUARE BRACKET	‚üß	MATHEMATICAL RIGHT WHITE SQUARE BRACKET	1	]	WHITE
‚ü®	MATHEMATICAL LEFT ANGLE BRACKET	‚ü®	MATHEMATICAL LEFT ANGLE BRACKET	1	<	ANGLE
‚ü©	MATHEMATICAL RIGHT ANGLE BRACKET	‚ü©	MATHEMATICAL RIGHT ANGLE BRACKET	1	>	ANGLE
‚ü™	MATHEMATICAL LEFT DOUBLE ANGLE BRACKET	‚ü™	MATHEMATICAL LEFT DOUBLE ANGLE BRACKET	1	<	DOUBLE ANGLE
‚ü´	MATHEMATICAL RIGHT DOUBLE ANGLE BRACKET	‚ü´	MATHEMATICAL RIGHT DOUBLE ANGLE BRACKET	1	>	DOUBLE ANGLE
‚ü∂	LONG RIGHTWARDS ARROW	‚ü∂	LONG RIGHTWARDS ARROW	1	implies
‚ü∫	LONG LEFT RIGHT DOUBLE ARROW	‚ü∫	LONG LEFT RIGHT DOUBLE ARROW	1	iff
‚¶ú	RIGHT ANGLE VARIANT WITH SQUARE	‚¶ú	RIGHT ANGLE VARIANT WITH SQUARE	1	right_angle	SQUARE
‚¶ù	MEASURED RIGHT ANGLE WITH DOT	‚¶ù	MEASURED RIGHT ANGLE WITH DOT	1	right_angle	DOT
‚¶û	ANGLE WITH S INSIDE	‚¶û	ANGLE WITH S INSIDE	1	angle
‚¶ü	ACUTE ANGLE	‚¶ü	ACUTE ANGLE	1	angle	ACUTE
‚¶∞	REVERSED EMPTY SET	‚¶∞	REVERSED EMPTY SET	1	emptyset
‚¶∂	CIRCLED VERTICAL BAR	‚¶∂	CIRCLED VERTICAL BAR	1	|	CIRCLE
‚¶∑	CIRCLED PARALLEL	‚¶∑	CIRCLED PARALLEL	1	parallel	CIRCLE
‚¶∏	CIRCLED REVERSE SOLIDUS	‚¶∏	CIRCLED REVERSE SOLIDUS	1	/	CIRCLE REVERSE
‚¶π	CIRCLED PERPENDICULAR	‚¶π	CIRCLED PERPENDICULAR	1	perpendicular	CIRCLE
‚ßÄ	CIRCLED LESS-THAN	‚ßÄ	CIRCLED LESS-THAN	1	<	CIRCLE
‚ßÅ	CIRCLED GREATER-THAN	‚ßÅ	CIRCLED GREATER-THAN	1	>	CIRCLE
‚ßÜ	SQUARED ASTERISK	‚ßÜ	SQUARED ASTERISK	1	*	SQUARE
‚ßá	SQUARED SMALL CIRCLE	‚ßá	SQUARED SMALL CIRCLE	1	circ	SQUARE
‚ß∫	DOUBLE PLUS	‚ß∫	DOUBLE PLUS	1	+	DOUBLE
‚ßª	TRIPLE PLUS	‚ßª	TRIPLE PLUS	1	+	TRIPLE
‚®Ä	N-ARY CIRCLED DOT OPERATOR	‚®Ä	N-ARY CIRCLED DOT OPERATOR	1	dot	CIRCLE
‚®Å	N-ARY CIRCLED PLUS OPERATOR	‚®Å	N-ARY CIRCLED PLUS OPERATOR	1	+	CIRCLE
‚®Ç	N-ARY CIRCLED TIMES OPERATOR	‚®Ç	N-ARY CIRCLED TIMES OPERATOR	1	*	CIRCLE
‚®Ö	N-ARY SQUARE INTERSECTION OPERATOR	‚®Ö	N-ARY SQUARE INTERSECTION OPERATOR	1	intersection
‚®Ü	N-ARY SQUARE UNION OPERATOR	‚®Ü	N-ARY SQUARE UNION OPERATOR	1	union	SQUARE
‚®á	TWO LOGICAL AND OPERATOR	‚®á	TWO LOGICAL AND OPERATOR	1	and	DOUBLE
‚®à	TWO LOGICAL OR OPERATOR	‚®à	TWO LOGICAL OR OPERATOR	1	or	DOUBLE
‚®â	N-ARY TIMES OPERATOR	‚®â	N-ARY TIMES OPERATOR	1	*
‚®ù	JOIN	‚®ù	JOIN	1	join
‚®Ø	VECTOR OR CROSS PRODUCT	‚®Ø	VECTOR OR CROSS PRODUCT	1	cross
‚®≥	SMASH PRODUCT	‚®≥	SMASH PRODUCT	1	smash
‚©ë	LOGICAL AND WITH DOT ABOVE	‚©ë	LOGICAL AND WITH DOT ABOVE	1	and	DOT
‚©í	LOGICAL OR WITH DOT ABOVE	‚©í	LOGICAL OR WITH DOT ABOVE	1	or	DOT
‚©ì	DOUBLE LOGICAL AND	‚©ì	DOUBLE LOGICAL AND	1	and	DOUBLE
‚©î	DOUBLE LOGICAL OR	‚©î	DOUBLE LOGICAL OR	1	or	DOUBLE
‚©ó	SLOPING LARGE OR	‚©ó	SLOPING LARGE OR	1	or	SLOPING
‚©ò	SLOPING LARGE AND	‚©ò	SLOPING LARGE AND	1	and	SLOPING
‚©¶	EQUALS SIGN WITH DOT BELOW	‚©¶	EQUALS SIGN WITH DOT BELOW	1	=	DOT
‚©ß	IDENTICAL WITH DOT ABOVE	‚©ß	IDENTICAL WITH DOT ABOVE	1	identical	DOT
‚©™	TILDE OPERATOR WITH DOT ABOVE	‚©™	TILDE OPERATOR WITH DOT ABOVE	1	~	DOT
‚©≠	CONGRUENT WITH DOT ABOVE	‚©≠	CONGRUENT WITH DOT ABOVE	1	congruent	DOT
‚™™	SMALLER THAN	‚™™	SMALLER THAN	1	<
‚™´	LARGER THAN	‚™´	LARGER THAN	1	>
‚™¨	SMALLER THAN OR EQUAL TO	‚™¨	SMALLER THAN OR EQUAL TO	1	<=
‚™≠	LARGER THAN OR EQUAL TO	‚™≠	LARGER THAN OR EQUAL TO	1	>=
‚™ª	DOUBLE PRECEDES	‚™ª	DOUBLE PRECEDES	1	prec	DOUBLE
‚™º	DOUBLE SUCCEEDS	‚™º	DOUBLE SUCCEEDS	1	succ	DOUBLE
‚™Ω	SUBSET WITH DOT	‚™Ω	SUBSET WITH DOT	1	subset	DOT
‚™æ	SUPERSET WITH DOT	‚™æ	SUPERSET WITH DOT	1	superset	DOT
‚´è	CLOSED SUBSET	‚´è	CLOSED SUBSET	1	subset	CLOSED
‚´ê	CLOSED SUPERSET	‚´ê	CLOSED SUPERSET	1	superset	CLOSED
‚´ë	CLOSED SUBSET OR EQUAL TO	‚´ë	CLOSED SUBSET OR EQUAL TO	1	subset_eq	CLOSED
‚´í	CLOSED SUPERSET OR EQUAL TO	‚´í	CLOSED SUPERSET OR EQUAL TO	1	superset_eq	CLOSED
‚´ô	ELEMENT OF OPENING DOWNWARDS	‚´ô	ELEMENT OF OPENING DOWNWARDS	1	in	DOWNWARDS
ÔΩû	FULLWIDTH TILDE	~	TILDE	1	~
ùõÅ	MATHEMATICAL BOLD NABLA	‚àá	NABLA	1	nabla	BOLD
ùõõ	MATHEMATICAL BOLD PARTIAL DIFFERENTIAL	‚àÇ	PARTIAL DIFFERENTIAL	1	pdiff	BOLD
ùõª	MATHEMATICAL ITALIC NABLA	‚àá	NABLA	1	nabla	ITALIC
ùúï	MATHEMATICAL ITALIC PARTIAL DIFFERENTIAL	‚àÇ	PARTIAL DIFFERENTIAL	1	pdiff	ITALIC
ùúµ	MATHEMATICAL BOLD ITALIC NABLA	‚àá	NABLA	1	nabla	BOLD ITALIC
ùùè	MATHEMATICAL BOLD ITALIC PARTIAL DIFFERENTIAL	‚àÇ	PARTIAL DIFFERENTIAL	1	pdiff	BOLD ITALIC
ùùØ	MATHEMATICAL SANS-SERIF BOLD NABLA	‚àá	NABLA	1	nabla	SANS-SERIF BOLD
ùûâ	MATHEMATICAL SANS-SERIF BOLD PARTIAL DIFFERENTIAL	‚àÇ	PARTIAL DIFFERENTIAL	1	pdiff	SANS-SERIF BOLD
ùû©	MATHEMATICAL SANS-SERIF BOLD ITALIC NABLA	‚àá	NABLA	1	nabla	SANS-SERIF BOLD ITALIC
ùüÉ	MATHEMATICAL SANS-SERIF BOLD ITALIC PARTIAL DIFFERENTIAL	‚àÇ	PARTIAL DIFFERENTIAL	1	pdiff	SANS-SERIF BOLD ITALIC
